Paper_ID,Year,Conference,Filename,G1,G2,G3,G4,G5,G6,T1,Q1,Q2
1,2022,ACM,3548606.3559335.pdf,def,Poisoning,Multiple,No,Yes,No,Gray-box,Yes,None
2,2022,ACM,3548606.3559350.pdf,atk,Evasion,Audio,No,No,Yes,Black-box,No,Low
3,2022,ACM,3548606.3559355.pdf,def,Privacy,Images,Yes,Yes,No,Black-box,NA,NA
4,2022,ACM,3548606.3559358.pdf,atk,Privacy,Other,No,No,No,Black-box,No,None
5,2022,ACM,3548606.3559359.pdf,both,Privacy,Images,No,Yes,No,White-box/Black-box,Yes,High
6,2022,ACM,3548606.3559388.pdf,atk,Evasion,Images,No,Yes,Yes,White-box/Black-box,Yes,High
7,2022,ACM,3548606.3559390.pdf,atk,Evasion,Images,No,Yes,No,Gray-box,Yes,None
8,2022,ACM,3548606.3559392.pdf,def,NA,Images,No,No,No,NA,NA,NA
9,2022,ACM,3548606.3560554.pdf,atk,Multiple,Images,No,No,No,Black-box,No,High
10,2022,ACM,3548606.3560557.pdf,both,Privacy,Other,No,Yes,No,White-box,Yes,None
11,2022,ACM,3548606.3560561.pdf,def,Evasion,Images,No,No,No,White-box,NA,NA
12,2022,ACM,3548606.3560566.pdf,atk,Evasion,Images,No,Yes,No,White-box/Black-box,Yes,None
13,2022,ACM,3548606.3560573.pdf,atk,Privacy,Other,No,No,Yes,Black-box,No,Low
14,2022,ACM,3548606.3560581.pdf,atk,Privacy,Other,No,Yes,No,Black-box,No,High
15,2022,ACM,3548606.3560586.pdf,atk,Privacy,Images,No,No,Yes,Black-box,No,Low
16,2022,ACM,3548606.3560599.pdf,atk,Evasion,Text,No,No,No,Black-box,No,High
17,2022,ACM,3548606.3560611.pdf,def,Poisoning,Images,No,No,No,NA,NA,NA
18,2022,ACM,3548606.3560615.pdf,def,Evasion,Other,Yes,Yes,No,NA,NA,NA
19,2022,ACM,3548606.3560619.pdf,def,Privacy,Images,No,Yes,No,White-box/Black-box,NA,NA
20,2022,ACM,3548606.3560621.pdf,def,Privacy,Other,No,No,No,NA,NA,NA
21,2022,ACM,3548606.3560660.pdf,atk,Evasion,Audio,No,No,No,White-box,Yes,None
22,2022,ACM,3548606.3560662.pdf,both,Privacy,Other,No,Yes,No,White-box/Black-box,No,None
23,2022,ACM,3548606.3560663.pdf,atk,Privacy,Other,No,Yes,No,White-box/Black-box,No,Low
24,2022,ACM,3548606.3560671.pdf,atk,Evasion,Audio,No,Yes,Yes,Black-box,No,High
25,2022,ACM,3548606.3560675.pdf,atk,Privacy,Other,No,No,No,Black-box,No,High
26,2022,ACM,3548606.3560678.pdf,atk,Poisoning,Images,No,No,No,Gray-box,No,None
27,2022,ACM,3548606.3560683.pdf,atk,Evasion,Text,No,Yes,No,Black-box,Yes,High
28,2022,ACM,3548606.3560684.pdf,atk,Privacy,Images,No,Yes,No,Black-box,No,Low
29,2022,ACM,3548606.3560694.pdf,atk,Privacy,Images,No,Yes,No,Black-box,No,High
30,2022,ACM,3548606.3560705.pdf,def,Privacy,Other,No,Yes,No,Black-box,NA,NA
31,2023,ACM,3576915.3616588.pdf,def,NA,Images,No,Yes,No,NA,NA,NA
32,2023,ACM,3576915.3616593.pdf,def,Privacy,Images,No,Yes,No,White-box/Black-box,NA,NA
33,2023,ACM,3576915.3616617.pdf,atk,Poisoning,Images,No,Yes,No,Gray-box,Yes,None
34,2023,ACM,3576915.3616634.pdf,atk,Privacy,Audio,No,No,No,Black-box,No,None
35,2023,ACM,3576915.3616652.pdf,atk,Privacy,Text,Yes,Yes,No,Black-box,No,High
36,2023,ACM,3576915.3616653.pdf,both,Privacy,Other,No,Yes,No,Black-box,No,Low
37,2023,ACM,3576915.3616679.pdf,atk,Multiple,Images,No,Yes,No,Black-box,No,High
38,2023,ACM,3576915.3623082.pdf,def,Poisoning,Other,No,Yes,No,White-box/Black-box,Yes,Low
39,2023,ACM,3576915.3623093.pdf,def,NA,Images,No,Yes,No,NA,NA,NA
40,2023,ACM,3576915.3623100.pdf,def,Evasion,Other,No,Yes,No,NA,NA,NA
41,2023,ACM,3576915.3623114.pdf,atk,Poisoning,Other,No,No,No,Gray-box,Yes,None
42,2023,ACM,3576915.3623116.pdf,atk,Evasion,Images,No,Yes,No,Black-box,No,High
43,2023,ACM,3576915.3623117.pdf,atk,Evasion,Malware,No,No,Yes,Black-box,No,Low
44,2023,ACM,3576915.3623120.pdf,def,Privacy,Text,Yes,Yes,No,Black-box,NA,NA
45,2023,ACM,3576915.3623134.pdf,def,NA,Other,Yes,Yes,No,NA,NA,NA
46,2023,ACM,3576915.3623173.pdf,atk,Privacy,Other,No,No,No,Black-box,No,High
47,2023,ACM,3576915.3623175.pdf,both,NA,Text,No,Yes,No,NA,NA,NA
48,2023,ACM,3576915.3623177.pdf,atk,Evasion,Images,No,No,No,White-box,Yes,None
49,2023,ACM,3576915.3623189.pdf,atk,Evasion,Images,No,Yes,No,White-box/Black-box,Yes,Low
50,2023,ACM,3576915.3623199.pdf,both,Evasion,Images,No,Yes,Yes,White-box,Yes,None
51,2023,ACM,3576915.3623209.pdf,def,NA,Audio,No,No,Yes,NA,NA,NA
52,2023,ACM,3576915.3623212.pdf,def,Poisoning,Images,No,No,No,NA,NA,NA
53,2024,ACM,2309.03466v2.pdf,atk,Poisoning,Images,No,Yes,No,White-box,Yes,None
54,2024,ACM,3658644.3670267.pdf,def,Privacy,Images,No,No,No,NA,NA,NA
55,2024,ACM,3658644.3670285.pdf,def,NA,Audio,No,Yes,No,NA,NA,NA
56,2024,ACM,3658644.3670291.pdf,def,Evasion,Images,No,Yes,No,NA,NA,NA
57,2024,ACM,3658644.3670293.pdf,atk,Evasion,Other,No,Yes,No,Black-box,No,High
58,2024,ACM,3658644.3670295.pdf,def,NA,Images,No,Yes,No,NA,NA,NA
59,2024,ACM,3658644.3670296.pdf,def,NA,Images,No,Yes,No,NA,NA,NA
60,2024,ACM,3658644.3670298.pdf,atk,Poisoning,Other,No,No,No,Black-box,No,None
61,2024,ACM,3658644.3670307.pdf,def,Poisoning,Other,No,No,No,NA,NA,NA
62,2024,ACM,3658644.3670309.pdf,atk,Evasion,Audio,No,No,Yes,Black-box,No,None
63,2024,ACM,3658644.3670317.pdf,def,Evasion,Images,No,Yes,No,NA,NA,NA
64,2024,ACM,3658644.3670361.pdf,atk,Poisoning,Images,No,Yes,No,White-box,No,None
65,2024,ACM,3658644.3670365.pdf,both,Poisoning,Other,No,No,No,Gray-box,Yes,None
66,2024,ACM,3658644.3670370.pdf,atk,Privacy,Text,No,Yes,Yes,Black-box,Yes,High
67,2024,ACM,3658644.3670382.pdf,atk,Evasion,Images,No,No,No,White-box/Black-box,No,None
68,2024,ACM,3658644.3670386.pdf,atk,Evasion,Malware,No,Yes,Yes,Black-box,No,None
69,2024,ACM,3658644.3670388.pdf,atk,Evasion,Text,No,Yes,Yes,Black-box,No,Low
70,2024,ACM,3658644.3670395.pdf,def,NA,Images,No,No,No,NA,NA,NA
71,2024,ACM,3658644.3690185.pdf,both,Privacy,Images,No,Yes,No,Black-box,Yes,None
72,2024,ACM,3658644.3690187.pdf,both,Poisoning,Other,No,Yes,No,NA,NA,NA
73,2024,ACM,3658644.3690194.pdf,atk,Privacy,Images,No,Yes,No,White-box,Yes,High
74,2024,ACM,3658644.3690202.pdf,both,Privacy,Images,No,Yes,No,Black-box,No,Low
75,2024,ACM,3658644.3690205.pdf,atk,Poisoning,Images,No,No,No,Black-box,No,None
76,2024,ACM,3658644.3690208.pdf,def,Evasion,Malware,No,Yes,No,NA,NA,NA
77,2024,ACM,3658644.3690226.pdf,def,Privacy,Images,No,Yes,No,Black-box,No,High
78,2024,ACM,3658644.3690238.pdf,def,NA,Images,No,No,No,NA,NA,NA
79,2024,ACM,3658644.3690250.pdf,def,Poisoning,Images,No,Yes,No,NA,NA,NA
80,2024,ACM,3658644.3690268.pdf,both,Privacy,Images,No,No,No,White-box,Yes,None
81,2024,ACM,3658644.3690279.pdf,atk,Privacy,Text,No,No,No,Black-box,No,Low
82,2024,ACM,3658644.3690284.pdf,atk,Poisoning,Images,No,Yes,No,Black-box,Yes,None
83,2024,ACM,3658644.3690291 (1).pdf,atk,Evasion,Text,No,No,No,Black-box,Yes,High
84,2024,ACM,3658644.3690291.pdf,atk,Evasion,Text,No,No,No,Black-box,Yes,High
85,2024,ACM,3658644.3690292.pdf,atk,Privacy,Text,No,Yes,No,White-box,Yes,None
86,2024,ACM,3658644.3690295.pdf,atk,Privacy,Text,No,Yes,No,Gray-box,Yes,None
87,2024,ACM,3658644.3690297.pdf,def,NA,Images,No,Yes,No,NA,NA,NA
88,2024,ACM,3658644.3690304.pdf,atk,Privacy,Other,No,No,No,White-box,Yes,None
89,2024,ACM,3658644.3690305.pdf,def,NA,Audio,No,No,No,NA,NA,NA
90,2024,ACM,3658644.3690306.pdf,both,Privacy,Text,No,No,Yes,Black-box,No,Low
91,2024,ACM,3658644.3690311.pdf,def,NA,Audio,No,No,Yes,NA,NA,NA
92,2024,ACM,3658644.3690316 (1).pdf,atk,Privacy,Images,No,Yes,No,Black-box,No,Low
93,2024,ACM,3658644.3690316.pdf,atk,Privacy,Images,No,Yes,No,Black-box,No,Low
94,2024,ACM,3658644.3690317.pdf,atk,Privacy,Images,No,Yes,No,Black-box,No,None
95,2024,ACM,3658644.3690325.pdf,atk,Privacy,Text,No,Yes,Yes,Black-box,No,Low
96,2024,ACM,3658644.3690327.pdf,def,NA,Images,No,Yes,No,NA,NA,NA
97,2024,ACM,3658644.3690334.pdf,atk,Poisoning,Images,No,Yes,No,White-box,Yes,None
98,2024,ACM,3658644.3690335 (1).pdf,atk,Privacy,Other,No,Yes,No,Black-box,No,High
99,2024,ACM,3658644.3690335.pdf,atk,Privacy,Other,No,Yes,No,Black-box,No,High
100,2024,ACM,3658644.3690337.pdf,def,Poisoning,Images,No,Yes,No,NA,NA,NA
101,2024,ACM,3658644.3690338.pdf,both,Multiple,Text,No,Yes,Yes,Black-box,No,Low
102,2024,ACM,3658644.3690343.pdf,atk,Evasion,Images,No,Yes,No,Black-box,No,High
103,2024,ACM,3658644.3690346.pdf,atk,Evasion,Text,No,No,Yes,Black-box,No,High
104,2024,ACM,3658644.3690369.pdf,atk,Poisoning,Images,No,No,No,Black-box,No,None
105,2025,ACM,2308.11333v2.pdf,def,Poisoning,Images,No,No,No,NA,NA,NA
106,2025,ACM,2403.02817v2.pdf,both,Multiple,Text,No,Yes,No,Black-box,No,Low
107,2025,ACM,2406.05810v1.pdf,atk,Evasion,Images,No,No,No,White-box/Black-box,Yes,None
108,2025,ACM,2501.05928v2.pdf,atk,Poisoning,Images,No,Yes,No,White-box,Yes,None
109,2025,ACM,2501.06533v2.pdf,both,Privacy,Images,No,No,No,Black-box,Yes,High
110,2025,ACM,2504.15942v1.pdf,atk,Evasion,Other,No,Yes,No,White-box,Yes,None
111,2025,ACM,2505.19840v2.pdf,atk,Evasion,Images,No,Yes,Yes,Black-box,No,None
112,2025,ACM,2505.24842v2.pdf,atk,Poisoning,Text,No,No,No,Black-box,No,Low
113,2025,ACM,2506.05402v1.pdf,def,NA,Images,No,No,No,NA,NA,NA
114,2025,ACM,2506.21874v1.pdf,atk,Poisoning,Images,No,No,Yes,White-box/Black-box,Yes,None
115,2025,ACM,2509.06071v1.pdf,both,Evasion,Images,No,No,Yes,White-box/Black-box,Yes,Low
116,2025,ACM,2509.11745v3.pdf,both,Evasion,Images,No,No,No,White-box,No,None
117,2025,ACM,2509.15499v1.pdf,def,NA,Malware,No,Yes,No,NA,NA,NA
118,2025,ACM,2510.01676v1.pdf,both,Evasion,Malware,No,No,Yes,White-box/Black-box,Yes,None
119,2025,ACM,VNET.pdf,atk,Poisoning,Images,No,Yes,No,White-box,Yes,None
120,2025,ACM,ccs25.pdf,def,NA,Malware,No,Yes,No,NA,NA,NA
121,2022,IEEE,131600a346.pdf,atk,Poisoning,Images,No,Yes,No,White-box,Yes,None
122,2022,IEEE,131600a415.pdf,atk,Evasion,Images,No,No,No,Black-box,No,None
123,2022,IEEE,131600a522.pdf,both,Privacy,Other,No,No,No,Black-box,No,High
124,2022,IEEE,131600a773.pdf,both,Evasion,Text,No,Yes,Yes,Black-box,No,High
125,2022,IEEE,131600a980.pdf,def,NA,Text,No,Yes,No,NA,NA,NA
126,2022,IEEE,131600b013.pdf,def,Privacy,Multiple,No,Yes,No,White-box/Black-box,NA,NA
127,2022,IEEE,131600b031.pdf,atk,Privacy,Other,No,Yes,No,Black-box,No,High
128,2022,IEEE,131600b117.pdf,both,Poisoning,Other,No,No,No,White-box/Black-box,Yes,None
129,2022,IEEE,131600b135.pdf,def,Privacy,Images,No,No,No,NA,NA,NA
130,2022,IEEE,131600b165.pdf,def,NA,Malware,No,Yes,No,NA,NA,NA
131,2022,IEEE,131600b344.pdf,def,Poisoning,Images,No,Yes,No,NA,NA,NA
132,2022,IEEE,131600b519.pdf,atk,Privacy,Images,No,Yes,No,Black-box,No,High
133,2022,IEEE,131600b526.pdf,def,Privacy,Other,No,Yes,No,NA,NA,NA
134,2022,IEEE,131600b532.pdf,both,Poisoning,Text,No,Yes,No,White-box,Yes,None
135,2022,IEEE,131600b542.pdf,atk,Evasion,Images,No,No,No,White-box,Yes,None
136,2022,IEEE,131600b547.pdf,atk,Privacy,Other,No,No,No,Black-box,No,Low
137,2022,IEEE,131600b551.pdf,atk,Privacy,Images,No,No,No,Gray-box,No,None
138,2022,IEEE,131600b552.pdf,def,NA,Other,No,No,Yes,NA,NA,NA
139,2022,IEEE,131600b556.pdf,both,Privacy,Images,No,Yes,No,White-box,No,None
140,2022,IEEE,131600b561.pdf,def,Poisoning,Text,No,Yes,No,NA,NA,NA
141,2022,IEEE,131600b569.pdf,atk,Privacy,Other,No,Yes,No,Black-box,No,High
142,2022,IEEE,131600b576.pdf,atk,Evasion,Images,No,Yes,Yes,Black-box,No,None
143,2023,IEEE,10351028.pdf,def,Poisoning,Images,No,No,No,White-box,NA,NA
144,2023,IEEE,2009.04131v9.pdf,def,Evasion,Images,No,Yes,No,NA,NA,NA
145,2023,IEEE,2112.04558v2.pdf,def,NA,Images,No,No,No,NA,NA,NA
146,2023,IEEE,2201.02775v4.pdf,atk,Evasion,Other,No,No,No,Black-box,Yes,High
147,2023,IEEE,2208.12348v2.pdf,atk,Privacy,Other,No,Yes,No,Black-box,No,High
148,2023,IEEE,2210.10936v1.pdf,def,Poisoning,Other,No,No,No,NA,NA,NA
149,2023,IEEE,2302.00539v4.pdf,atk,Privacy,Text,No,Yes,No,Black-box,No,High
150,2023,IEEE,3DFed_Adaptive_and_Extensible_Framework_for_Covert_Backdoor_Attack_in_Federated_Learning.pdf,atk,Poisoning,Images,No,Yes,No,Black-box,Yes,None
151,2023,IEEE,3d-spoof-sp23.pdf,atk,Evasion,Images,No,No,Yes,Black-box,No,High
152,2023,IEEE,933600a019.pdf,both,Evasion,Text,No,Yes,No,Black-box,No,None
153,2023,IEEE,933600a076.pdf,def,Privacy,Other,No,Yes,No,NA,NA,NA
154,2023,IEEE,933600a327.pdf,def,Privacy,Other,No,No,No,White-box,NA,NA
155,2023,IEEE,933600a346.pdf,atk,Privacy,Text,No,Yes,No,Black-box,No,High
156,2023,IEEE,933600a432.pdf,atk,Privacy,Images,No,Yes,Yes,Black-box,No,High
157,2023,IEEE,933600a719.pdf,atk,Poisoning,Malware,No,Yes,No,Gray-box,Yes,None
158,2023,IEEE,933600a755.pdf,def,Poisoning,Images,No,Yes,No,NA,NA,NA
159,2023,IEEE,933600a853.pdf,def,Evasion,Multiple,No,Yes,No,NA,NA,NA
160,2023,IEEE,933600a906.pdf,atk,Poisoning,Audio,No,Yes,No,White-box,Yes,None
161,2023,IEEE,933600b239.pdf,def,Poisoning,Images,No,No,No,Black-box,No,Low
162,2023,IEEE,933600b524.pdf,atk,Evasion,Images,No,Yes,No,Black-box,No,Low
163,2023,IEEE,933600b901.pdf,def,Privacy,Images,No,No,No,Black-box,NA,NA
164,2023,IEEE,933600b935.pdf,atk,Privacy,Other,No,No,No,Black-box,No,Low
165,2023,IEEE,AI-Guardian_Defeating_Adversarial_Attacks_using_Backdoors.pdf,def,Multiple,Images,No,No,No,White-box,NA,NA
166,2023,IEEE,BayBFed_Bayesian_Backdoor_Defense_for_Federated_Learning.pdf,def,Poisoning,Other,No,No,No,NA,NA,NA
167,2023,IEEE,Breaking_Security-Critical_Voice_Authentication.pdf,atk,Evasion,Audio,No,Yes,Yes,Black-box,No,None
168,2023,IEEE,Disguising_Attacks_with_Explanation-Aware_Backdoors.pdf,atk,Poisoning,Images,No,No,No,White-box,Yes,None
169,2023,IEEE,ELSA_Secure_Aggregation_for_Federated_Learning_with_Malicious_Actors.pdf,def,Poisoning,Other,No,No,No,NA,NA,NA
170,2023,IEEE,ImU_Physical_Impersonating_Attack_for_Face_Recognition_System_with_Natural_Style_Changes.pdf,atk,Evasion,Images,No,Yes,Yes,White-box/Black-box,Yes,High
171,2023,IEEE,ObjectSeeker_Certifiably_Robust_Object_Detection_against_Patch_Hiding_Attacks_via_Patch-agnostic_Masking.pdf,def,Evasion,Images,No,Yes,No,White-box,NA,NA
172,2023,IEEE,On_the_Insecurity_of_Peer-to-Peer_Decentralized_Machine_Learning.pdf,atk,Privacy,Images,No,No,No,White-box,Yes,None
173,2023,IEEE,RAB_Provable_Robustness_Against_Backdoor_Attacks.pdf,def,Poisoning,Images,No,Yes,No,NA,NA,NA
174,2023,IEEE,RoFL_Robustness_of_Secure_Federated_Learning.pdf,def,Poisoning,Images,No,Yes,No,NA,NA,NA
175,2023,IEEE,Spectral-DP_Differentially_Private_Deep_Learning_through_Spectral_Perturbation_and_Filtering.pdf,def,Privacy,Images,No,No,No,NA,NA,NA
176,2023,IEEE,Spoofing_Real-world_Face_Authentication_Systems_through_Optical_Synthesis.pdf,atk,Evasion,Images,Yes,No,Yes,Black-box,No,None
177,2023,IEEE,StyleFool_Fooling_Video_Classification_Systems_via_Style_Transfer.pdf,atk,Evasion,Images,No,Yes,No,Black-box,No,High
178,2024,IEEE,2205.06900v2.pdf,def,Poisoning,Images,No,Yes,No,NA,NA,NA
179,2024,IEEE,2311.10500v2.pdf,def,Privacy,Other,No,Yes,No,NA,NA,NA
180,2024,IEEE,313000a002.pdf,def,Privacy,Other,No,No,No,NA,NA,NA
181,2024,IEEE,313000a030.pdf,atk,Privacy,Images,No,No,No,White-box,Yes,None
182,2024,IEEE,313000a052.pdf,def,Privacy,Images,No,Yes,No,White-box/Black-box,NA,NA
183,2024,IEEE,313000a056.pdf,atk,Evasion,Audio,Yes,Yes,Yes,Black-box,No,Low
184,2024,IEEE,313000a061.pdf,def,NA,Text,No,Yes,No,NA,NA,NA
185,2024,IEEE,313000a065.pdf,def,NA,Images,No,No,No,NA,NA,NA
186,2024,IEEE,313000a068.pdf,atk,Evasion,Images,No,Yes,No,Black-box,No,High
187,2024,IEEE,313000a072.pdf,atk,Poisoning,Images,No,Yes,No,Black-box,No,None
188,2024,IEEE,Backdooring_Multimodal_Learning.pdf,atk,Poisoning,Other,No,Yes,No,White-box/Black-box,Yes,None
189,2024,IEEE,BadVFL_Backdoor_Attacks_in_Vertical_Federated_Learning.pdf,atk,Poisoning,Images,No,No,No,Gray-box,Yes,None
190,2024,IEEE,DeepShuffle_A_Lightweight_Defense_Framework_against_Adversarial_Fault_Injection_Attacks_on_Deep_Neural_Networks_in_Multi-Tenant_Cloud-FPGA.pdf,def,NA,Images,No,No,No,NA,NA,NA
191,2024,IEEE,Distribution_Preserving_Backdoor_Attack_in_Self-supervised_Learning.pdf,atk,Poisoning,Images,No,No,No,White-box,Yes,None
192,2024,IEEE,Dropout_Attacks.pdf,atk,Poisoning,Images,No,No,No,White-box,Yes,None
193,2024,IEEE,GrOVe_Ownership_Verification_of_Graph_Neural_Networks_using_Embeddings.pdf,def,Privacy,Other,No,Yes,No,Black-box,NA,NA
194,2024,IEEE,Multi-Instance_Adversarial_Attack_on_GNN-Based_Malicious_Domain_Detection.pdf,atk,Evasion,Other,No,Yes,No,Black-box,No,Low
195,2024,IEEE,Sabre_Cutting_through_Adversarial_Noise_with_Adaptive_Spectral_Filtering_and_Input_Reconstruction.pdf,def,Evasion,Multiple,No,Yes,No,White-box,NA,NA
196,2024,IEEE,Side-Channel-Assisted_Reverse-Engineering_of_Encrypted_DNN_Hardware_Accelerator_IP_and_Attack_Surface_Exploration.pdf,atk,Privacy,Other,No,No,Yes,Gray-box,No,None
197,2024,IEEE,SoK_Explainable_Machine_Learning_in_Adversarial_Environments.pdf,def,NA,Other,No,No,No,NA,NA,NA
198,2024,IEEE,Text-CRS_A_Generalized_Certified_Robustness_Framework_against_Textual_Adversarial_Attacks.pdf,def,Evasion,Text,No,Yes,No,NA,NA,NA
199,2024,IEEE,Why_Does_Little_Robustness_Help_A_Further_Step_Towards_Understanding_Adversarial_Transferability.pdf,atk,Evasion,Images,No,No,Yes,White-box/Black-box,Yes,None
200,2022,NDSS,2022-130-paper.pdf,atk,Evasion,Images,No,No,Yes,Black-box,Yes,None
201,2022,NDSS,2022-156-paper.pdf,def,Poisoning,Other,No,No,No,NA,NA,NA
202,2022,NDSS,2022-19-paper.pdf,atk,Privacy,Images,No,Yes,No,Black-box,No,High
203,2022,NDSS,2022-200-paper.pdf,atk,Evasion,Images,No,Yes,No,Black-box,No,High
204,2022,NDSS,2022-54-paper.pdf,def,Multiple,Other,No,No,No,NA,NA,NA
205,2022,NDSS,2022-64-paper.pdf,atk,Poisoning,Images,Yes,Yes,No,Black-box,No,None
206,2023,NDSS,ndss2023_f103_paper.pdf,def,NA,Images,No,Yes,No,NA,NA,NA
207,2023,NDSS,ndss2023_f243_paper.pdf,def,Evasion,Audio,No,Yes,Yes,Black-box,NA,NA
208,2023,NDSS,ndss2023_f287_paper.pdf,atk,Poisoning,Images,No,Yes,No,White-box,Yes,None
209,2023,NDSS,ndss2023_f394_paper.pdf,atk,Evasion,Other,No,Yes,Yes,Black-box,No,High
210,2023,NDSS,ndss2023_f444_paper.pdf,def,Evasion,Images,No,No,No,NA,NA,NA
211,2023,NDSS,ndss2023_f508_paper.pdf,def,Evasion,Malware,No,Yes,No,NA,NA,NA
212,2023,NDSS,ndss2023_f874_paper.pdf,both,Privacy,Images,No,Yes,No,Gray-box,Yes,None
213,2023,NDSS,ndss2023_f924_paper.pdf,both,Evasion,Other,Yes,No,No,Black-box,No,High
214,2023,NDSS,ndss2023_f944_paper.pdf,def,Poisoning,Images,No,No,No,NA,NA,NA
215,2023,NDSS,ndss2023_s112_paper.pdf,def,Poisoning,Text,No,No,No,NA,NA,NA
216,2023,NDSS,ndss2023_s165_paper.pdf,atk,Evasion,Images,No,No,No,White-box/Black-box,Yes,None
217,2023,NDSS,ndss2023_s171_paper.pdf,atk,Privacy,Images,No,Yes,No,White-box,Yes,None
218,2023,NDSS,ndss2023_s69_paper.pdf,def,Poisoning,Images,No,No,No,White-box,NA,NA
219,2023,NDSS,ndss2023_s70_paper.pdf,both,Evasion,Other,No,Yes,No,NA,NA,NA
220,2023,NDSS,ndss2023_s87_paper.pdf,def,Privacy,Other,No,No,No,NA,Yes,None
221,2024,NDSS,2024-115-paper.pdf,def,Evasion,Text,No,No,No,Black-box,NA,NA
222,2024,NDSS,2024-1190-paper.pdf,def,NA,Text,No,No,No,NA,NA,NA
223,2024,NDSS,2024-1323-paper.pdf,atk,Privacy,Audio,No,Yes,No,White-box/Black-box,No,High
224,2024,NDSS,2024-1366-paper.pdf,atk,Poisoning,Images,No,No,No,White-box,Yes,None
225,2024,NDSS,2024-14-paper.pdf,def,Privacy,Other,No,Yes,No,Black-box,NA,NA
226,2024,NDSS,2024-158-paper.pdf,def,Privacy,Images,No,Yes,No,White-box/Black-box,Yes,None
227,2024,NDSS,2024-164-paper.pdf,atk,Evasion,Images,No,Yes,No,Black-box,Yes,None
228,2024,NDSS,2024-188-paper.pdf,atk,Evasion,Text,No,No,Yes,Black-box,No,High
229,2024,NDSS,2024-200-paper.pdf,def,NA,Audio,No,Yes,Yes,NA,NA,NA
230,2024,NDSS,2024-216-paper.pdf,def,NA,Other,No,Yes,No,NA,NA,NA
231,2024,NDSS,2024-233-paper.pdf,def,Poisoning,Images,No,Yes,No,NA,NA,NA
232,2024,NDSS,2024-238-paper.pdf,def,Poisoning,Text,No,Yes,No,NA,NA,NA
233,2024,NDSS,2024-30-paper.pdf,atk,Evasion,Audio,No,No,No,White-box,Yes,None
234,2024,NDSS,2024-325-paper (1).pdf,both,Privacy,Images,No,Yes,No,White-box,Yes,None
235,2024,NDSS,2024-325-paper.pdf,both,Privacy,Images,No,Yes,No,White-box,Yes,None
236,2024,NDSS,2024-326-paper.pdf,def,Privacy,Images,No,Yes,No,White-box/Black-box,Yes,None
237,2024,NDSS,2024-334-paper.pdf,atk,Poisoning,Images,No,Yes,No,White-box,Yes,None
238,2024,NDSS,2024-360-paper.pdf,def,Privacy,Other,No,No,No,NA,NA,NA
239,2024,NDSS,2024-374-paper.pdf,def,NA,Multiple,No,Yes,No,Black-box,NA,NA
240,2024,NDSS,2024-380-paper.pdf,def,NA,Other,No,No,No,NA,NA,NA
241,2024,NDSS,2024-441-paper.pdf,def,Privacy,Other,No,Yes,No,Black-box,No,Low
242,2024,NDSS,2024-450-paper.pdf,atk,Poisoning,Images,No,No,No,Black-box,Yes,None
243,2024,NDSS,2024-545-paper.pdf,atk,Evasion,Audio,No,No,Yes,Black-box,No,None
244,2024,NDSS,2024-620-paper.pdf,def,Poisoning,Other,No,No,No,NA,NA,NA
245,2024,NDSS,2024-81-paper.pdf,def,Poisoning,Malware,No,Yes,No,NA,NA,NA
246,2024,NDSS,2024-84-paper.pdf,both,Evasion,Images,No,No,No,White-box,Yes,None
247,2024,NDSS,2024-90-paper.pdf,def,Poisoning,Text,No,Yes,No,NA,NA,NA
248,2024,NDSS,2024-920-paper.pdf,atk,Evasion,Images,No,Yes,No,White-box,Yes,None
249,2022,USENIX,2108.09135v2.pdf,def,Evasion,Images,No,Yes,No,White-box,NA,NA
250,2022,USENIX,sec22-ahmed.pdf,def,Evasion,Audio,No,Yes,Yes,White-box,NA,NA
251,2022,USENIX,sec22-arp.pdf,def,NA,Malware,No,No,No,NA,NA,NA
252,2022,USENIX,sec22-blue.pdf,def,NA,Audio,No,Yes,No,NA,NA,NA
253,2022,USENIX,sec22-chen-yufei.pdf,atk,Privacy,Images,No,Yes,No,Black-box,Yes,Low
254,2022,USENIX,sec22-cohen.pdf,atk,Privacy,Other,No,No,Yes,NA,NA,None
255,2022,USENIX,sec22-fu-chong.pdf,atk,Privacy,Other,No,No,No,Gray-box,Yes,None
256,2022,USENIX,sec22-fu-qi.pdf,atk,Evasion,Images,No,No,No,Black-box,No,High
257,2022,USENIX,sec22-hallyburton.pdf,atk,Evasion,Other,No,No,No,Black-box,No,Low
258,2022,USENIX,sec22-jain.pdf,atk,Evasion,Images,No,No,No,White-box/Black-box,No,High
259,2022,USENIX,sec22-li-changjiang.pdf,atk,Evasion,Images,No,No,Yes,Black-box,No,Low
260,2022,USENIX,sec22-li-huiying.pdf,def,Evasion,Images,No,Yes,No,Black-box,NA,NA
261,2022,USENIX,sec22-liu-hongbin.pdf,atk,Poisoning,Images,No,No,No,Black-box,No,None
262,2022,USENIX,sec22-liu-yugeng.pdf,atk,Privacy,Images,No,Yes,No,White-box/Black-box,Yes,High
263,2022,USENIX,sec22-nguyen.pdf,def,Poisoning,Other,No,No,No,NA,NA,NA
264,2022,USENIX,sec22-pan-exploring.pdf,both,Privacy,Images,No,No,No,White-box,Yes,None
265,2022,USENIX,sec22-pan-hidden.pdf,atk,Poisoning,Text,No,No,No,White-box,Yes,None
266,2022,USENIX,sec22-pang-ren.pdf,both,Multiple,Images,No,No,No,White-box/Black-box,Yes,High
267,2022,USENIX,sec22-shan.pdf,def,Poisoning,Images,No,No,No,NA,NA,NA
268,2022,USENIX,sec22-tang.pdf,def,Privacy,Other,No,No,No,Black-box,NA,NA
269,2022,USENIX,sec22-vaishnavi.pdf,def,Evasion,Images,No,Yes,No,White-box,NA,NA
270,2022,USENIX,sec22-xiang.pdf,def,Evasion,Images,No,Yes,No,White-box,NA,NA
271,2022,USENIX,sec22-yan.pdf,both,Evasion,Images,No,No,No,Black-box,No,None
272,2022,USENIX,sec22-yuan-xiaoyong.pdf,both,Privacy,Images,No,No,No,Black-box,No,Low
273,2022,USENIX,sec22-zhang-zhikun.pdf,both,Privacy,Other,No,Yes,No,Black-box,No,Low
274,2022,USENIX,sec22-zhou-ce.pdf,atk,Evasion,Images,No,No,Yes,Black-box,No,None
275,2022,USENIX,sec22fall_mehnaz.pdf,atk,Privacy,Other,No,Yes,No,Black-box,No,High
276,2022,USENIX,sec22summer_arp.pdf,def,NA,Malware,No,No,No,NA,NA,NA
277,2022,USENIX,sec22summer_hua.pdf,def,Privacy,Images,No,Yes,No,NA,NA,NA
278,2022,USENIX,sec22summer_zhang-zhikun.pdf,both,Privacy,Other,No,Yes,No,Black-box,No,Low
279,2023,USENIX,2302.09491v1.pdf,atk,Evasion,Images,No,Yes,Yes,White-box/Black-box,Yes,None
280,2023,USENIX,sec23_slides_eykholt.pdf,atk,Evasion,Other,No,No,No,Black-box,No,High
281,2023,USENIX,sec23fall-prepub-2-li-heng.pdf,atk,Evasion,Malware,No,No,No,Black-box,No,Low
282,2023,USENIX,sec23fall-prepub-28-zhang-boyang.pdf,both,Privacy,Images,No,Yes,No,Black-box,No,None
283,2023,USENIX,sec23fall-prepub-34-liu-aishan.pdf,atk,Evasion,Images,No,Yes,Yes,White-box/Black-box,Yes,None
284,2023,USENIX,sec23fall-prepub-353-sandoval.pdf,def,NA,Text,No,Yes,No,NA,NA,NA
285,2023,USENIX,sec23fall-prepub-421-li-xiaoguang.pdf,both,Poisoning,Other,No,No,No,Black-box,No,None
286,2023,USENIX,sec23fall-prepub-427-yang-yuchen.pdf,def,Privacy,Images,No,Yes,No,NA,NA,NA
287,2023,USENIX,sec23fall-prepub-85-fu-chong.pdf,def,Poisoning,Images,No,No,No,NA,NA,NA
288,2023,USENIX,sec23summer_136-li_zheng-prepub.pdf,def,NA,Images,No,Yes,No,NA,NA,NA
289,2023,USENIX,sec23summer_146-prokos-prepub.pdf,atk,Evasion,Images,No,No,No,Black-box,No,High
290,2023,USENIX,sec23summer_349-cao-prepub.pdf,atk,Evasion,Other,No,Yes,No,Black-box,No,None
291,2023,USENIX,sec23summer_372-yue-prepub.pdf,atk,Privacy,Images,No,No,No,White-box,Yes,None
292,2023,USENIX,sec23summer_388-rosenberg-prepub (1).pdf,def,Privacy,Images,No,Yes,Yes,White-box/Black-box,Yes,None
293,2023,USENIX,sec23summer_388-rosenberg-prepub.pdf,def,Privacy,Images,No,Yes,Yes,White-box/Black-box,Yes,None
294,2023,USENIX,sec23summer_406-liu_zhibo-prepub.pdf,atk,Privacy,Other,No,Yes,No,Black-box,No,None
295,2023,USENIX,usenixsecurity23-ahmed-shimaa.pdf,atk,Evasion,Audio,No,No,No,Black-box,No,Low
296,2023,USENIX,usenixsecurity23-aonzo.pdf,def,NA,Malware,No,No,No,NA,NA,NA
297,2023,USENIX,usenixsecurity23-bai.pdf,atk,Poisoning,Other,No,No,No,Gray-box,Yes,None
298,2023,USENIX,usenixsecurity23-bethany.pdf,def,Evasion,Images,No,Yes,Yes,Black-box,NA,NA
299,2023,USENIX,usenixsecurity23-carlini.pdf,atk,Privacy,Images,No,No,No,White-box/Black-box,No,High
300,2023,USENIX,usenixsecurity23-chen-guangke.pdf,atk,Evasion,Audio,No,No,Yes,Black-box,No,None
301,2023,USENIX,usenixsecurity23-chen-min.pdf,atk,Privacy,Images,No,Yes,No,Black-box,No,High
302,2023,USENIX,usenixsecurity23-chen-yizheng.pdf,def,NA,Malware,No,Yes,No,NA,NA,NA
303,2023,USENIX,usenixsecurity23-christou.pdf,def,NA,Other,No,No,No,NA,NA,NA
304,2023,USENIX,usenixsecurity23-deng-zizhuang.pdf,def,NA,Other,No,Yes,No,NA,NA,NA
305,2023,USENIX,usenixsecurity23-eisenhofer.pdf,atk,Evasion,Text,No,Yes,No,White-box/Black-box,No,High
306,2023,USENIX,usenixsecurity23-eykholt.pdf,atk,Evasion,Other,No,Yes,No,Black-box,No,High
307,2023,USENIX,usenixsecurity23-gao.pdf,atk,Privacy,Images,No,No,No,Gray-box,Yes,None
308,2023,USENIX,usenixsecurity23-jia.pdf,def,Poisoning,Other,No,No,No,White-box,NA,NA
309,2023,USENIX,usenixsecurity23-li-heng.pdf,atk,Evasion,Malware,No,No,No,Black-box,No,Low
310,2023,USENIX,usenixsecurity23-li-xinfeng.pdf,def,NA,Audio,No,No,No,NA,NA,NA
311,2023,USENIX,usenixsecurity23-liu-qi.pdf,def,NA,Images,No,No,No,White-box,NA,NA
312,2023,USENIX,usenixsecurity23-lucas.pdf,def,Evasion,Malware,No,No,No,White-box,NA,NA
313,2023,USENIX,usenixsecurity23-lukas.pdf,both,Multiple,Images,No,Yes,No,White-box/Black-box,Yes,None
314,2023,USENIX,usenixsecurity23-lv.pdf,atk,Poisoning,Other,No,Yes,No,White-box,Yes,None
315,2023,USENIX,usenixsecurity23-man.pdf,def,Evasion,Images,No,Yes,No,White-box,NA,NA
316,2023,USENIX,usenixsecurity23-mink.pdf,def,NA,Other,No,No,No,NA,NA,NA
317,2023,USENIX,usenixsecurity23-mozaffari.pdf,def,Poisoning,Images,No,Yes,No,NA,NA,NA
318,2023,USENIX,usenixsecurity23-mukherjee.pdf,atk,Evasion,Malware,No,Yes,No,Black-box,No,Low
319,2023,USENIX,usenixsecurity23-pan.pdf,def,Poisoning,Images,No,Yes,No,NA,NA,NA
320,2023,USENIX,usenixsecurity23-prokos.pdf,atk,Evasion,Images,No,No,No,Black-box,No,High
321,2023,USENIX,usenixsecurity23-qi.pdf,def,Poisoning,Images,No,Yes,No,NA,NA,NA
322,2023,USENIX,usenixsecurity23-rathee.pdf,def,NA,Images,No,Yes,No,NA,NA,NA
323,2023,USENIX,usenixsecurity23-shan.pdf,def,Poisoning,Images,No,No,No,NA,NA,NA
324,2023,USENIX,usenixsecurity23-sheatsley (1).pdf,atk,Evasion,Other,No,No,No,White-box,Yes,None
325,2023,USENIX,usenixsecurity23-sheatsley.pdf,atk,Evasion,Other,No,No,No,White-box,Yes,None
326,2023,USENIX,usenixsecurity23-si.pdf,atk,Poisoning,Text,No,No,No,Black-box,No,None
327,2023,USENIX,usenixsecurity23-tao.pdf,atk,Evasion,Images,No,Yes,Yes,Black-box,No,High
328,2023,USENIX,usenixsecurity23-tian.pdf,both,Poisoning,Malware,No,No,No,White-box,No,None
329,2023,USENIX,usenixsecurity23-wang-junzhe.pdf,def,NA,Malware,No,Yes,No,NA,NA,NA
330,2023,USENIX,usenixsecurity23-wei-chengan.pdf,atk,Poisoning,Multiple,No,Yes,No,White-box,Yes,None
331,2023,USENIX,usenixsecurity23-wu-xinghui.pdf,atk,Evasion,Audio,No,No,Yes,Black-box,No,None
332,2023,USENIX,usenixsecurity23-xu-xiaojun.pdf,atk,Multiple,Other,No,Yes,No,White-box,Yes,None
333,2023,USENIX,usenixsecurity23-yan.pdf,atk,Privacy,Images,No,No,No,White-box,No,None
334,2023,USENIX,usenixsecurity23-yu-jiahao.pdf,def,NA,Other,No,No,No,NA,NA,NA
335,2023,USENIX,usenixsecurity23-yu-zhiyuan-smack.pdf,atk,Evasion,Audio,No,Yes,Yes,Black-box,No,High
336,2023,USENIX,usenixsecurity23-yuan-yuanyuan-certification.pdf,def,NA,Images,No,Yes,No,NA,NA,NA
337,2023,USENIX,usenixsecurity23-zeng.pdf,def,Poisoning,Images,No,Yes,No,NA,NA,NA
338,2023,USENIX,usenixsecurity23-zhang-jiawei.pdf,def,Evasion,Images,No,No,No,NA,NA,NA
339,2023,USENIX,usenixsecurity23-zhang-shibo.pdf,atk,Evasion,Images,No,Yes,No,White-box/Black-box,Yes,None
340,2023,USENIX,usenixsecurity23-zhang-zhuo-pelican (1).pdf,atk,Poisoning,Malware,No,Yes,Yes,White-box/Black-box,Yes,None
341,2023,USENIX,usenixsecurity23-zhang-zhuo-pelican.pdf,atk,Poisoning,Malware,No,Yes,Yes,White-box/Black-box,Yes,None
342,2023,USENIX,usenixsecurity23-zhu.pdf,atk,Evasion,Images,No,Yes,No,White-box/Black-box,Yes,None
343,2024,USENIX,2402.18104v2.pdf,atk,Evasion,Text,No,Yes,Yes,Black-box,No,Low
344,2024,USENIX,USINEX Adversarial ML.pdf,atk,Multiple,Other,No,No,No,White-box/Black-box,Yes,High
345,2024,USENIX,sec23winter-prepub-118-sun.pdf,def,Poisoning,Images,No,No,No,White-box,Yes,NA
346,2024,USENIX,sec23winter-prepub-37-zhang-qingzhao.pdf,both,Evasion,Other,No,Yes,No,White-box/Black-box,Yes,Low
347,2024,USENIX,sec23winter-prepub-4-ren.pdf,def,NA,Other,No,No,No,NA,NA,NA
348,2024,USENIX,sec24fall-prepub-1157-wang-haichen.pdf,def,Privacy,Images,No,No,No,NA,NA,NA
349,2024,USENIX,sec24fall-prepub-1479-layton.pdf,def,NA,Audio,No,No,No,NA,NA,NA
350,2024,USENIX,sec24fall-prepub-1500-yu-zhiyuan.pdf,atk,Evasion,Text,No,Yes,Yes,Black-box,No,High
351,2024,USENIX,sec24fall-prepub-180-xiang-chong (1).pdf,def,Evasion,Images,No,Yes,No,NA,NA,NA
352,2024,USENIX,sec24fall-prepub-180-xiang-chong.pdf,def,Evasion,Images,No,Yes,No,NA,NA,NA
353,2024,USENIX,sec24fall-prepub-199-grosse.pdf,NA,Multiple,Other,No,No,No,NA,NA,NA
354,2024,USENIX,sec24fall-prepub-200-wang-shuo.pdf,def,Evasion,Images,No,No,No,NA,NA,NA
355,2024,USENIX,sec24fall-prepub-2129-yuan.pdf,def,NA,Images,No,Yes,No,NA,NA,NA
356,2024,USENIX,sec24fall-prepub-2154-pegoraro (1).pdf,atk,Privacy,Images,No,No,No,White-box,No,None
357,2024,USENIX,sec24fall-prepub-2154-pegoraro.pdf,atk,Privacy,Images,No,No,No,White-box,No,None
358,2024,USENIX,sec24fall-prepub-2341-nayan.pdf,both,Privacy,Other,No,Yes,No,Multiple,NA,NA
359,2024,USENIX,sec24fall-prepub-2353-gohil (1).pdf,atk,Evasion,Other,No,Yes,No,Black-box,No,High
360,2024,USENIX,sec24fall-prepub-2353-gohil.pdf,atk,Evasion,Other,No,Yes,No,Black-box,No,High
361,2024,USENIX,sec24fall-prepub-2868-wang-lijin.pdf,atk,Privacy,Images,No,Yes,No,Black-box,No,High
362,2024,USENIX,sec24fall-prepub-2979-krauss.pdf,def,NA,Images,No,No,No,White-box,NA,NA
363,2024,USENIX,sec24fall-prepub-37-jiang-zhifeng.pdf,def,Privacy,Other,No,Yes,No,NA,NA,NA
364,2024,USENIX,sec24fall-prepub-490-jin.pdf,def,Privacy,Images,No,No,Yes,Black-box,NA,NA
365,2024,USENIX,sec24fall-prepub-877-shen-xinyue (1).pdf,both,Privacy,Images,Yes,Yes,No,Black-box,No,Low
366,2024,USENIX,sec24fall-prepub-877-shen-xinyue.pdf,both,Privacy,Images,Yes,Yes,No,Black-box,No,Low
367,2024,USENIX,sec24summer-prepub-1096-wang-zihao.pdf,atk,Poisoning,Images,No,No,No,Gray-box,Yes,High
368,2024,USENIX,sec24summer-prepub-171-levi.pdf,def,Evasion,Images,No,Yes,No,White-box,NA,NA
369,2024,USENIX,sec24summer-prepub-176-wu-yixin.pdf,atk,Privacy,Images,No,Yes,No,White-box,Yes,None
370,2024,USENIX,sec24summer-prepub-349-li-changjiang.pdf,atk,Poisoning,Images,No,No,No,Gray-box,NA,NA
371,2024,USENIX,sec24summer-prepub-365-zhang-guangsheng.pdf,def,Privacy,Images,No,No,No,White-box/Black-box,Yes,High
372,2024,USENIX,sec24summer-prepub-373-diaa.pdf,def,Privacy,Images,No,Yes,No,NA,NA,NA
373,2024,USENIX,sec24summer-prepub-385-shen-meng.pdf,atk,Evasion,Images,No,No,Yes,Black-box,No,Low
374,2024,USENIX,sec24summer-prepub-409-tang.pdf,def,Privacy,Images,No,Yes,No,Black-box,NA,NA
375,2024,USENIX,sec24summer-prepub-617-zhang-boyang.pdf,both,Privacy,Images,No,Yes,No,Black-box,No,High
376,2024,USENIX,sec24summer-prepub-641-liu-jian.pdf,atk,Evasion,Images,No,Yes,Yes,Black-box,Yes,None
377,2024,USENIX,sec24summer-prepub-659-zhu.pdf,atk,Evasion,Other,No,No,No,White-box,Yes,None
378,2024,USENIX,sec24summer-prepub-705-zhuang.pdf,atk,Privacy,Other,No,No,No,Black-box,No,High
379,2024,USENIX,sec24summer-prepub-743-li.pdf,atk,Evasion,Images,No,No,No,Black-box,No,None
380,2024,USENIX,sec24summer-prepub-832-liu-hongbin.pdf,def,Poisoning,Other,No,No,No,NA,Yes,NA
381,2024,USENIX,sec24summer-prepub-920-dahiya.pdf,atk,Poisoning,Images,No,No,No,White-box,No,None
382,2024,USENIX,usenixsecurity24-an.pdf,atk,Evasion,Images,No,Yes,No,White-box,Yes,None
383,2024,USENIX,usenixsecurity24-annamalai-linear.pdf,atk,Privacy,Other,No,Yes,No,Black-box,No,None
384,2024,USENIX,usenixsecurity24-ao.pdf,def,NA,Images,No,Yes,No,NA,NA,NA
385,2024,USENIX,usenixsecurity24-bethany.pdf,def,NA,Text,No,Yes,No,NA,NA,NA
386,2024,USENIX,usenixsecurity24-bouhoula.pdf,def,NA,Text,No,Yes,No,NA,NA,NA
387,2024,USENIX,usenixsecurity24-cai-yifeng.pdf,def,Privacy,Other,No,No,Yes,NA,NA,NA
388,2024,USENIX,usenixsecurity24-chang.pdf,atk,Privacy,Other,No,No,No,Gray-box,No,None
389,2024,USENIX,usenixsecurity24-chen-baodong.pdf,both,Evasion,Images,No,No,No,Gray-box,Yes,None
390,2024,USENIX,usenixsecurity24-chen-meng.pdf,atk,Poisoning,Audio,No,Yes,No,Black-box,No,None
391,2024,USENIX,usenixsecurity24-debenedetti.pdf,atk,Privacy,Multiple,No,No,Yes,Black-box,No,High
392,2024,USENIX,usenixsecurity24-dentan.pdf,atk,Privacy,Other,No,No,No,White-box,No,High
393,2024,USENIX,usenixsecurity24-ge-attacks (1).pdf,atk,Evasion,Audio,No,No,Yes,Black-box,No,Low
394,2024,USENIX,usenixsecurity24-ge-attacks.pdf,atk,Evasion,Audio,No,No,Yes,Black-box,No,Low
395,2024,USENIX,usenixsecurity24-ge-hijacking (1).pdf,atk,Poisoning,Images,No,Yes,No,Black-box,No,None
396,2024,USENIX,usenixsecurity24-ge-hijacking.pdf,atk,Poisoning,Images,No,No,No,Black-box,No,None
397,2024,USENIX,usenixsecurity24-hao-qingying.pdf,atk,Evasion,Images,No,Yes,No,White-box/Black-box,Yes,None
398,2024,USENIX,usenixsecurity24-he-haojie.pdf,def,NA,Malware,No,Yes,No,NA,NA,NA
399,2024,USENIX,usenixsecurity24-huang-zirui.pdf,atk,Poisoning,Images,No,No,No,Black-box,Yes,None
400,2024,USENIX,usenixsecurity24-jiang-nan.pdf,atk,Privacy,Audio,No,No,Yes,Black-box,No,Low
401,2024,USENIX,usenixsecurity24-jin-shuaifan.pdf,def,Privacy,Images,No,No,Yes,Black-box,NA,NA
402,2024,USENIX,usenixsecurity24-joslin.pdf,def,NA,Images,No,No,No,NA,NA,NA
403,2024,USENIX,usenixsecurity24-krauss-verify_1.pdf,def,Poisoning,Images,No,No,No,NA,NA,NA
404,2024,USENIX,usenixsecurity24-kumari.pdf,def,Poisoning,Images,No,No,No,NA,Yes,NA
405,2024,USENIX,usenixsecurity24-li-jiacheng.pdf,def,Privacy,Images,No,No,No,Black-box,NA,NA
406,2024,USENIX,usenixsecurity24-li-songze.pdf,def,Poisoning,Images,No,Yes,No,NA,NA,NA
407,2024,USENIX,usenixsecurity24-lin-zilong.pdf,atk,Multiple,Text,Yes,Yes,Yes,Black-box,No,Low
408,2024,USENIX,usenixsecurity24-liu-shigang.pdf,atk,Evasion,Malware,No,Yes,No,Black-box,No,Low
409,2024,USENIX,usenixsecurity24-lorch.pdf,def,NA,Images,No,No,No,NA,NA,NA
410,2024,USENIX,usenixsecurity24-lou.pdf,atk,Evasion,Other,No,No,No,White-box,Yes,High
411,2024,USENIX,usenixsecurity24-lyu.pdf,atk,Poisoning,Other,No,No,No,White-box,Yes,None
412,2024,USENIX,usenixsecurity24-mankali.pdf,atk,Privacy,Other,No,No,No,Black-box,No,None
413,2024,USENIX,usenixsecurity24-meeus.pdf,atk,Privacy,Text,No,No,No,Black-box,No,High
414,2024,USENIX,usenixsecurity24-muller.pdf,def,NA,Images,No,Yes,No,NA,NA,NA
415,2024,USENIX,usenixsecurity24-nazari.pdf,def,NA,Multiple,No,Yes,No,White-box,Yes,NA
416,2024,USENIX,usenixsecurity24-risse.pdf,def,NA,Other,No,Yes,No,NA,NA,NA
417,2024,USENIX,usenixsecurity24-shao.pdf,def,NA,Other,No,Yes,No,NA,NA,NA
418,2024,USENIX,usenixsecurity24-shen-meng.pdf,atk,Evasion,Images,No,No,Yes,Black-box,No,Low
419,2024,USENIX,usenixsecurity24-shimmi.pdf,def,NA,Other,No,Yes,No,NA,NA,NA
420,2024,USENIX,usenixsecurity24-song-wei.pdf,def,Evasion,Images,No,No,No,NA,NA,NA
421,2024,USENIX,usenixsecurity24-sun-bing.pdf,def,Poisoning,Images,No,No,No,White-box,Yes,None
422,2024,USENIX,usenixsecurity24-sun-chenxin.pdf,def,Evasion,Images,No,Yes,Yes,NA,NA,NA
423,2024,USENIX,usenixsecurity24-tan.pdf,def,Privacy,Other,No,No,No,NA,NA,NA
424,2024,USENIX,usenixsecurity24-thirumuruganathan_1.pdf,def,NA,Malware,No,No,No,NA,NA,NA
425,2024,USENIX,usenixsecurity24-tiwari.pdf,def,Privacy,Text,No,No,No,NA,NA,NA
426,2024,USENIX,usenixsecurity24-wang-jialai.pdf,both,Evasion,Malware,No,No,No,White-box,Yes,None
427,2024,USENIX,usenixsecurity24-wang-kun.pdf,def,Evasion,Audio,No,No,No,White-box/Black-box,NA,NA
428,2024,USENIX,usenixsecurity24-xu-dandan.pdf,def,NA,Other,No,Yes,No,NA,NA,NA
429,2024,USENIX,usenixsecurity24-xu-zhangchen.pdf,atk,Poisoning,Images,Yes,No,No,Gray-box,Yes,None
430,2024,USENIX,usenixsecurity24-xu-zhibo.pdf,def,Privacy,Other,No,No,No,NA,NA,NA
431,2024,USENIX,usenixsecurity24-yan.pdf,atk,Poisoning,Text,No,Yes,No,Black-box,No,None
432,2024,USENIX,usenixsecurity24-yu-jiahao.pdf,atk,Evasion,Text,No,Yes,Yes,Black-box,No,High
433,2024,USENIX,usenixsecurity24-zhang-qingzhao.pdf,both,Evasion,Other,No,Yes,Yes,White-box/Black-box,Yes,None
434,2024,USENIX,usenixsecurity24-zhang-rui.pdf,both,Poisoning,Text,No,Yes,No,Black-box,No,Low
435,2024,USENIX,usenixsecurity24-zhang-ruisi.pdf,def,NA,Text,No,No,No,NA,NA,NA
436,2024,USENIX,usenixsecurity24-zhang-tingwei.pdf,atk,Evasion,Other,No,Yes,Yes,White-box/Black-box,Yes,High
437,2024,USENIX,usenixsecurity24-zheng.pdf,atk,Evasion,Images,No,Yes,No,Black-box,No,High
438,2024,USENIX,usenixsecurity24-zhu-chang.pdf,def,NA,Malware,No,Yes,No,NA,NA,NA
439,2024,USENIX,usenixsecurity24-zhu-shenchen.pdf,atk,Evasion,Other,No,No,No,White-box,Yes,None
440,2024,USENIX,usenixsecurity24_slides-guo-keyan.pdf,def,NA,Images,No,No,No,NA,NA,NA
441,2024,USENIX,usenixsecurity24_slides-ling.pdf,atk,Evasion,Malware,No,Yes,Yes,Black-box,No,High
442,2024,USENIX,usenixsecurity24_slides-noorbakhsh.pdf,def,Privacy,Other,No,No,No,NA,NA,NA
443,2025,USENIX,sec25cycle1-prepub-18-zhou.pdf,def,NA,Images,No,No,Yes,Black-box,Yes,None
444,2025,USENIX,sec25cycle1-prepub-341-zhang-shenyi.pdf,def,NA,Text,No,Yes,No,NA,NA,NA
445,2025,USENIX,sec25cycle1-prepub-389-lin-chenhao.pdf,atk,Poisoning,Images,No,No,No,White-box,Yes,None
446,2025,USENIX,sec25cycle1-prepub-393-zhang-yushu.pdf,atk,Evasion,Images,No,No,No,White-box/Black-box,Yes,High
447,2025,USENIX,sec25cycle1-prepub-402-zhang-zhisheng.pdf,def,NA,Audio,No,Yes,No,NA,NA,NA
448,2025,USENIX,sec25cycle1-prepub-510-li-jiate.pdf,def,NA,Other,No,Yes,No,White-box,NA,NA
449,2025,USENIX,sec25cycle1-prepub-670-guo-zhen.pdf,atk,Poisoning,Images,No,Yes,No,White-box,Yes,None
450,2025,USENIX,sec25cycle1-prepub-702-wang-lijin.pdf,atk,Poisoning,Multiple,No,No,No,White-box,Yes,None
451,2025,USENIX,usenixsecurity25-foerster.pdf,atk,Poisoning,Images,No,No,No,Black-box,No,None
452,2025,USENIX,usenixsecurity25-kobayashi.pdf,both,Evasion,Other,No,Yes,No,Gray-box,No,None
453,2025,USENIX,usenixsecurity25-li-changjiang.pdf,atk,Poisoning,Images,No,No,No,Gray-box,Yes,None
454,2025,USENIX,usenixsecurity25-pang-xiaoyi.pdf,atk,Poisoning,Images,No,No,No,White-box,Yes,None
455,2025,USENIX,usenixsecurity25-popovic.pdf,def,Poisoning,Images,No,No,No,Black-box,No,High
456,2025,USENIX,usenixsecurity25-sun-zekun.pdf,def,Privacy,Images,No,Yes,No,Gray-box,Yes,NA
457,2025,USENIX,usenixsecurity25-wang-derui.pdf,def,NA,Other,No,Yes,No,NA,NA,NA
458,2025,USENIX,usenixsecurity25-yang-yuchen.pdf,def,Evasion,Images,No,No,No,NA,NA,NA
459,2025,USENIX,usenixsecurity25-zhang-yinyuan.pdf,def,Evasion,Malware,No,No,No,Black-box,NA,NA
